{"District of Columbia": 30.746875762939453, "Missouri": 32.76268768310547, "Arkansas": 32.99515914916992, "Kentucky": 33.0716438293457, "Vermont": 33.11818313598633}