{"Puerto Rico": 9.909090995788574, "Mississippi": 15.505714416503906, "West Virginia": 15.733333587646484, "Tennessee": 15.735483169555664, "Kentucky": 15.831578254699707, "Louisiana": 16.542856216430664, "Oklahoma": 16.568572998046875, "Alabama": 16.74242401123047, "Indiana": 17.30714225769043, "Kansas": 17.663637161254883, "North Dakota": 17.856666564941406, "Arkansas": 18.031034469604492, "Iowa": 18.162961959838867, "Missouri": 18.510000228881836, "Ohio": 18.909677505493164, "Texas": 18.91153907775879, "South Dakota": 19.184614181518555, "National": 19.917858123779297, "New York": 19.935483932495117, "North Carolina": 19.938461303710938, "South Carolina": 19.939393997192383, "Pennsylvania": 20.046154022216797, "Maine": 20.141176223754883, "Nebraska": 20.290475845336914, "Maryland": 20.30740737915039, "Delaware": 20.37272834777832, "New Jersey": 20.703332901000977, "Nevada": 20.793546676635742, "Virginia": 20.851613998413086, "District of Columbia": 20.907691955566406, "Michigan": 20.96176528930664, "Connecticut": 20.996000289916992, "Idaho": 21.168750762939453, "Georgia": 21.18181800842285, "Minnesota": 21.22800064086914, "New Hampshire": 21.43448257446289, "Rhode Island": 21.55908966064453, "Massachusetts": 21.602941513061523, "Illinois": 21.680768966674805, "Vermont": 21.804166793823242, "Florida": 22.024999618530273, "Washington": 22.08461570739746, "Guam": 22.10454559326172, "Wisconsin": 22.30740737915039, "Utah": 22.380769729614258, "Oregon": 22.549999237060547, "New Mexico": 22.80714225769043, "Arizona": 23.14545440673828, "Wyoming": 23.27692413330078, "Hawaii": 23.410526275634766, "California": 23.638710021972656, "Montana": 23.712121963500977, "Alaska": 24.719045639038086, "Colorado": 25.27692413330078}