{"Maine": 14.858823776245117, "Vermont": 16.045454025268555, "New Hampshire": 16.938888549804688, "Massachusetts": 17.653331756591797, "Georgia": 17.664705276489258, "South Dakota": 17.988887786865234, "Montana": 18.417390823364258, "District of Columbia": 18.430768966674805, "Oregon": 18.46666717529297, "Florida": 18.600000381469727, "Michigan": 19.44999885559082, "Wyoming": 19.623077392578125, "Idaho": 19.726665496826172, "North Carolina": 19.838890075683594, "South Carolina": 19.900001525878906, "West Virginia": 20.053333282470703, "New York": 20.225000381469727, "Washington": 20.236364364624023, "Kentucky": 20.350000381469727, "National": 20.399999618530273, "Tennessee": 20.424999237060547, "Missouri": 20.424999237060547, "Kansas": 20.44285774230957, "California": 20.627777099609375, "Colorado": 20.707693099975586, "Virginia": 21.046667098999023, "New Jersey": 21.054546356201172, "Maryland": 21.15294075012207, "Alaska": 21.206666946411133, "Nebraska": 21.330434799194336, "Texas": 21.371429443359375, "Ohio": 21.464706420898438, "Pennsylvania": 21.46666717529297, "Minnesota": 21.53999900817871, "Oklahoma": 21.54583168029785, "Utah": 21.876922607421875, "Alabama": 21.950000762939453, "Hawaii": 21.950000762939453, "Delaware": 22.129411697387695, "Illinois": 22.170000076293945, "Rhode Island": 22.393333435058594, "Arkansas": 22.523075103759766, "North Dakota": 22.540908813476562, "Arizona": 22.711111068725586, "Connecticut": 22.823078155517578, "Iowa": 22.94999885559082, "Mississippi": 22.98333168029785, "Wisconsin": 23.185714721679688, "Indiana": 23.919231414794922, "Nevada": 24.099998474121094, "Louisiana": 24.506250381469727, "New Mexico": 24.535715103149414, "Guam": 26.757144927978516, "Virgin Islands": 27.264284133911133, "Puerto Rico": 39.88999938964844}