{"Puerto Rico": 17.875, "Mississippi": 23.832258224487305, "Texas": 25.10869598388672, "Oklahoma": 25.171428680419922, "Alabama": 26.41363525390625, "Tennessee": 26.694116592407227, "Iowa": 27.413043975830078, "North Dakota": 27.796297073364258, "Indiana": 27.80000114440918, "North Carolina": 28.04666519165039, "Kentucky": 28.174074172973633, "Louisiana": 28.479310989379883, "Nebraska": 29.017393112182617, "Missouri": 29.0677433013916, "Connecticut": 29.221874237060547, "Rhode Island": 29.253658294677734, "Arkansas": 29.285715103149414, "Kansas": 29.34347915649414, "Guam": 29.431249618530273, "South Dakota": 29.696552276611328, "New York": 29.847618103027344, "West Virginia": 30.211538314819336, "Illinois": 30.31389045715332, "Pennsylvania": 30.423076629638672, "South Carolina": 30.496427536010742, "Delaware": 30.55172348022461, "Georgia": 30.733333587646484, "Ohio": 30.900001525878906, "New Jersey": 31.0, "Virginia": 31.069231033325195, "Virgin Islands": 31.100000381469727, "Maryland": 31.21923065185547, "District of Columbia": 31.44333267211914, "Nevada": 31.636363983154297, "National": 32.02333450317383, "Arizona": 32.025001525878906, "Massachusetts": 32.25, "Michigan": 32.27037048339844, "Minnesota": 32.36666488647461, "Utah": 32.630001068115234, "Florida": 33.53636169433594, "Wyoming": 33.713043212890625, "Idaho": 34.12058639526367, "New Hampshire": 34.59333419799805, "Washington": 34.70454406738281, "New Mexico": 34.875, "Maine": 35.316001892089844, "Wisconsin": 35.371429443359375, "Hawaii": 36.76499938964844, "Oregon": 37.193939208984375, "Alaska": 37.25, "California": 37.29523849487305, "Colorado": 37.44230651855469, "Vermont": 37.63461685180664, "Montana": 38.18666458129883}