{"Puerto Rico": 14.778571128845215, "West Virginia": 24.041379928588867, "Oklahoma": 25.930768966674805, "Arkansas": 26.326923370361328, "Alabama": 26.621429443359375, "Louisiana": 27.40606117248535, "Mississippi": 27.478572845458984, "Tennessee": 27.928001403808594, "Missouri": 28.10999870300293, "Iowa": 28.879409790039062, "Kansas": 28.940624237060547, "Kentucky": 28.981481552124023, "New Jersey": 29.068750381469727, "Texas": 29.808334350585938, "North Dakota": 30.012121200561523, "National": 30.018518447875977, "Massachusetts": 30.340742111206055, "Vermont": 30.683332443237305, "Indiana": 30.751514434814453, "Maine": 30.81110954284668, "Rhode Island": 30.88518524169922, "Virgin Islands": 30.899999618530273, "North Carolina": 30.945161819458008, "Nebraska": 30.97037124633789, "Connecticut": 31.053335189819336, "South Dakota": 31.07428550720215, "South Carolina": 31.11199951171875, "Maryland": 31.121212005615234, "Oregon": 31.2450008392334, "Pennsylvania": 31.265384674072266, "Wyoming": 31.319353103637695, "Montana": 31.46129035949707, "Wisconsin": 31.638460159301758, "Virginia": 31.7391300201416, "Florida": 31.748647689819336, "Ohio": 31.875, "Idaho": 32.003448486328125, "New Hampshire": 32.055999755859375, "Delaware": 32.26956558227539, "Georgia": 32.27096939086914, "Nevada": 32.2928581237793, "Michigan": 32.46800231933594, "New York": 32.85238265991211, "Illinois": 32.875, "Alaska": 32.99188995361328, "Washington": 33.26551818847656, "Hawaii": 33.30434799194336, "Minnesota": 33.47618865966797, "Arizona": 34.325923919677734, "California": 34.77083206176758, "New Mexico": 34.928001403808594, "Utah": 35.02857208251953, "District of Columbia": 35.13461685180664, "Colorado": 36.954166412353516, "Guam": 38.2933349609375}