{"Puerto Rico": 36.986366271972656, "Nevada": 36.358333587646484, "Montana": 36.178260803222656, "New Jersey": 36.080596923828125, "Alaska": 35.90277862548828}