{"West Virginia": 36.79999923706055, "Mississippi": 36.50694274902344, "Louisiana": 36.266197204589844, "Arkansas": 35.42567443847656, "Alabama": 35.12266540527344}