{"Puerto Rico": 40.627498626708984, "Kentucky": 31.028169631958008, "Arkansas": 30.601694107055664, "Mississippi": 30.12957763671875, "Alabama": 29.892498016357422}