{"Puerto Rico": 49.41666793823242, "Louisiana": 46.16875076293945, "Oklahoma": 45.45454406738281, "Mississippi": 45.31666564941406, "West Virginia": 45.17000198364258}