{"Puerto Rico": 9.909090995788574, "Mississippi": 15.505714416503906, "West Virginia": 15.733333587646484, "Tennessee": 15.735483169555664, "Kentucky": 15.831578254699707}