{"Puerto Rico": 17.875, "Mississippi": 23.832258224487305, "Texas": 25.10869598388672, "Oklahoma": 25.171428680419922, "Alabama": 26.41363525390625}