{"Ohio": -1.388080170860995, "Washington": -0.13391070674966699, "Massachusetts": 5.279419371375333, "New Mexico": -1.3561358959586514, "Indiana": -2.9894671947867764, "Kansas": -0.4362941296012295, "Wisconsin": 1.6917271106331455, "New Hampshire": 4.261326262244474, "Rhode Island": 4.282753416785489, "Maryland": 4.266087004431974, "Nebraska": -1.33391146968912, "West Virginia": -5.470580628624667, "Tennessee": -2.2505755932242764, "Vermont": 5.305302092322599, "Arizona": 0.40468640018392676, "Connecticut": 4.42249722171713, "Pennsylvania": 1.092754790076505, "National": 0.9327549426643955, "North Dakota": 1.1744236438362705, "Michigan": 0.25824398685384864, "Illinois": 2.2869228808968174, "Oklahoma": -5.755122712364901, "Idaho": -0.25512271236490136, "Iowa": 0.8130573718636143, "Arkansas": -4.032157471886386, "Missouri": -2.3950229198844326, "Utah": 3.6494221179573643, "Maine": 4.2644199817268955, "Puerto Rico": -9.71724658321451, "Louisiana": -6.469329407921542, "Georgia": -0.38058047603677636, "Wyoming": -2.2358737499625576, "Guam": -3.656829407921542, "South Carolina": -3.000579407921542, "Alaska": -0.500579407921542, "Virginia": 0.2244228808968174, "California": 2.522949644812833, "South Dakota": -0.6851954967887295, "Oregon": 0.931000181922208, "District of Columbia": 4.337517210730802, "New York": 2.9637073962776768, "Montana": -0.24057727169107324, "North Carolina": -0.8805804760367764, "Delaware": 1.5556721179573643, "Mississippi": -5.617244294396151, "Florida": 2.949421355017911, "Hawaii": 0.6935390918343174, "Kentucky": -3.300578644982089, "Minnesota": 2.5660862414925205, "Alabama": -4.375579407921542, "Virgin Islands": -1.0005755932242764, "Colorado": 2.1883091418831455, "New Jersey": 3.492756315955411, "Texas": -0.42365222286294824, "Nevada": -3.7362895519645107}