{"Ohio": 0.24377790776851072, "Washington": -3.5607646337353955, "Massachusetts": -1.106220566352583, "New Mexico": -3.731220566352583, "Indiana": 3.3437782892382373, "Kansas": 1.8003002771532763, "Wisconsin": -4.227650009711958, "New Hampshire": -3.44955476435063, "Rhode Island": 1.8901211389696826, "Maryland": -0.07545121820805178, "Nebraska": 2.1263863214647998, "West Virginia": 0.932241118828081, "Tennessee": 4.44966284124019, "Vermont": -6.490837418159224, "Arizona": -0.8812220922314893, "Connecticut": 1.92190519658687, "Pennsylvania": 0.7207028040087451, "National": -0.8795550695264112, "North Dakota": 3.347482360283159, "Michigan": -1.1265910497510205, "Illinois": 0.8298889764940967, "Oklahoma": 5.972350753227495, "Idaho": -2.976806961616255, "Iowa": 3.730735457817339, "Arkansas": 1.858064330498003, "Missouri": 2.0760361322558154, "Utah": -1.4862216344678174, "Maine": -4.172222458442427, "Puerto Rico": 13.268779433647417, "Louisiana": 2.664468444267534, "Georgia": 0.4104458460009326, "Wyoming": -2.569263779243208, "Guam": 1.7125298151171435, "South Carolina": 0.6473518976366748, "Alaska": -6.106220566352583, "Virginia": 0.07454840032222165, "California": -6.15145906122563, "South Dakota": 1.4472271570360888, "Oregon": -6.050159775336958, "District of Columbia": -0.29955323847172366, "New York": 1.2961613306200732, "Montana": -7.042885147651411, "North Carolina": 3.0971142419970263, "Delaware": 0.5920559534228076, "Mississippi": 7.311521209160112, "Florida": -2.3925822606885205, "Hawaii": -5.6212199560010205, "Kentucky": 2.969705260673784, "Minnesota": -1.2228854528271924, "Alabama": 4.730144179741167, "Virgin Islands": 0.0437790521776904, "Colorado": -6.2985270849072705, "New Jersey": 0.14377943364741697, "Texas": 6.035083449760698, "Nevada": -0.4925845495068799}