{"Guam": 38.2933349609375, "Colorado": 36.954166412353516, "District of Columbia": 35.13461685180664, "Utah": 35.02857208251953, "New Mexico": 34.928001403808594}