{"West Virginia": {"('Age (years)', '18 - 24')": 15.90000057220459, "('Age (years)', '25 - 34')": 24.600000381469727, "('Age (years)', '35 - 44')": 29.200000762939453, "('Age (years)', '45 - 54')": 37.70000076293945, "('Age (years)', '55 - 64')": 33.233333587646484, "('Age (years)', '65 or older')": 37.5333366394043, "('Education', 'College graduate')": 16.46000099182129, "('Education', 'High school graduate')": 33.900001525878906, "('Education', 'Less than high school')": 45.54999923706055, "('Education', 'Some college or technical school')": 26.299997329711914, "('Gender', 'Female')": 32.87999725341797, "('Gender', 'Male')": 26.150001525878906, "('Income', '$15,000 - $24,999')": 36.400001525878906, "('Income', '$25,000 - $34,999')": 31.75, "('Income', '$35,000 - $49,999')": 26.899999618530273, "('Income', '$50,000 - $74,999')": 24.799999237060547, "('Income', '$75,000 or greater')": 18.150001525878906, "('Income', 'Data not reported')": 31.924999237060547, "('Income', 'Less than $15,000')": 43.25, "('Race/Ethnicity', '2 or more races')": 27.099998474121094, "('Race/Ethnicity', 'American Indian/Alaska Native')": 25.600000381469727, "('Race/Ethnicity', 'Asian')": 25.600000381469727, "('Race/Ethnicity', 'Hawaiian/Pacific Islander')": 25.600000381469727, "('Race/Ethnicity', 'Hispanic')": 24.799999237060547, "('Race/Ethnicity', 'Non-Hispanic Black')": 22.899999618530273, "('Race/Ethnicity', 'Non-Hispanic White')": 31.849998474121094, "('Race/Ethnicity', 'Other')": 25.600000381469727, "('Total', 'Total')": 35.099998474121094}}