{"West Virginia": {"('Age (years)', '18 - 24')": 52.400001525878906, "('Age (years)', '25 - 34')": 54.400001525878906, "('Age (years)', '35 - 44')": 51.400001525878906, "('Age (years)', '45 - 54')": 46.20000076293945, "('Age (years)', '55 - 64')": 43.29999923706055, "('Age (years)', '65 or older')": 47.099998474121094, "('Education', 'College graduate')": 57.900001525878906, "('Education', 'High school graduate')": 44.79999923706055, "('Gender', 'Female')": 45.44999694824219, "('Gender', 'Male')": 49.45000076293945, "('Income', '$15,000 - $24,999')": 40.79999923706055, "('Income', '$25,000 - $34,999')": 46.150001525878906, "('Income', '$50,000 - $74,999')": 52.19999694824219, "('Income', '$75,000 or greater')": 56.599998474121094, "('Race/Ethnicity', 'American Indian/Alaska Native')": 49.79999923706055, "('Race/Ethnicity', 'Hawaiian/Pacific Islander')": 49.79999923706055, "('Race/Ethnicity', 'Hispanic')": 48.0, "('Race/Ethnicity', 'Non-Hispanic White')": 47.599998474121094, "('Total', 'Total')": 48.0}}