{"Indiana": {"('Age (years)', '45 - 54')": 25.650001525878906, "('Age (years)', '55 - 64')": 26.80000114440918, "('Age (years)', '65 or older')": 34.599998474121094, "('Education', 'College graduate')": 32.29999923706055, "('Education', 'High school graduate')": 28.5, "('Education', 'Less than high school')": 20.700000762939453, "('Education', 'Some college or technical school')": 28.866666793823242, "('Gender', 'Female')": 25.899999618530273, "('Income', '$35,000 - $49,999')": 30.5, "('Income', '$50,000 - $74,999')": 27.100000381469727, "('Income', '$75,000 or greater')": 31.5, "('Income', 'Data not reported')": 28.30000114440918, "('Income', 'Less than $15,000')": 21.799999237060547, "('Race/Ethnicity', '2 or more races')": 29.399999618530273, "('Race/Ethnicity', 'American Indian/Alaska Native')": 36.20000076293945, "('Race/Ethnicity', 'Hawaiian/Pacific Islander')": 31.100000381469727, "('Race/Ethnicity', 'Hispanic')": 20.299999237060547, "('Race/Ethnicity', 'Non-Hispanic Black')": 26.75, "('Race/Ethnicity', 'Non-Hispanic White')": 29.200000762939453}}