{"Michigan": {"('Age (years)', '25 - 34')": 27.450000762939453, "('Age (years)', '35 - 44')": 28.600000381469727, "('Age (years)', '45 - 54')": 29.0, "('Age (years)', '65 or older')": 40.150001525878906, "('Education', 'College graduate')": 33.150001525878906, "('Education', 'High school graduate')": 33.599998474121094, "('Education', 'Less than high school')": 32.25, "('Gender', 'Female')": 28.5, "('Income', '$35,000 - $49,999')": 34.5, "('Income', '$50,000 - $74,999')": 36.400001525878906, "('Income', '$75,000 or greater')": 33.900001525878906, "('Income', 'Data not reported')": 37.0, "('Race/Ethnicity', 'Hawaiian/Pacific Islander')": 31.100000381469727, "('Race/Ethnicity', 'Hispanic')": 21.5, "('Race/Ethnicity', 'Non-Hispanic Black')": 26.0, "('Race/Ethnicity', 'Non-Hispanic White')": 34.599998474121094, "('Race/Ethnicity', 'Other')": 36.45000076293945, "('Total', 'Total')": 32.95000076293945}}