{"Indiana": {"('Age (years)', '18 - 24')": 50.79999923706055, "('Age (years)', '35 - 44')": 42.70000076293945, "('Age (years)', '45 - 54')": 41.70000076293945, "('Age (years)', '65 or older')": 47.43333435058594, "('Education', 'Less than high school')": 33.20000076293945, "('Education', 'Some college or technical school')": 47.09999465942383, "('Gender', 'Female')": 41.099998474121094, "('Gender', 'Male')": 49.0, "('Income', '$15,000 - $24,999')": 37.54999923706055, "('Income', '$25,000 - $34,999')": 38.400001525878906, "('Income', '$50,000 - $74,999')": 49.900001525878906, "('Income', 'Less than $15,000')": 37.650001525878906, "('Race/Ethnicity', '2 or more races')": 57.400001525878906, "('Race/Ethnicity', 'American Indian/Alaska Native')": 49.79999923706055, "('Race/Ethnicity', 'Hawaiian/Pacific Islander')": 49.79999923706055, "('Race/Ethnicity', 'Hispanic')": 35.900001525878906, "('Race/Ethnicity', 'Non-Hispanic Black')": 41.349998474121094, "('Race/Ethnicity', 'Non-Hispanic White')": 47.599998474121094, "('Race/Ethnicity', 'Other')": 49.79999923706055}}