{"District of Columbia": 30.746875762939453, "Missouri": 32.76268768310547, "Arkansas": 32.99515914916992, "Kentucky": 33.0716438293457, "Vermont": 33.11818313598633, "Louisiana": 33.1793098449707, "Ohio": 33.25753402709961, "South Carolina": 33.25909423828125, "Virgin Islands": 33.296875, "Illinois": 33.521873474121094, "Indiana": 33.587013244628906, "Michigan": 33.73735046386719, "West Virginia": 33.86111068725586, "Iowa": 33.96455764770508, "Washington": 33.968421936035156, "Hawaii": 34.00468826293945, "Kansas": 34.056251525878906, "Oklahoma": 34.05833435058594, "Tennessee": 34.109458923339844, "Oregon": 34.142189025878906, "Alabama": 34.155174255371094, "Wisconsin": 34.15542221069336, "Utah": 34.1950798034668, "Florida": 34.27333068847656, "Georgia": 34.301265716552734, "Mississippi": 34.31562423706055, "Maine": 34.316131591796875, "Texas": 34.376922607421875, "North Carolina": 34.37763214111328, "Virginia": 34.458824157714844, "Guam": 34.48545455932617, "Maryland": 34.52839660644531, "Pennsylvania": 34.543548583984375, "Massachusetts": 34.62031173706055, "Delaware": 34.67384719848633, "Colorado": 34.78536605834961, "New Hampshire": 34.844154357910156, "New York": 34.86000061035156, "North Dakota": 34.891666412353516, "National": 35.0859375, "Rhode Island": 35.17878723144531, "Idaho": 35.19091033935547, "South Dakota": 35.19565200805664, "Arizona": 35.404685974121094, "Wyoming": 35.51689910888672, "Minnesota": 35.54576110839844, "Nebraska": 35.69142532348633, "California": 35.72459030151367, "Connecticut": 35.75428771972656, "New Mexico": 35.86349105834961, "Alaska": 35.90277862548828, "New Jersey": 36.080596923828125, "Montana": 36.178260803222656, "Nevada": 36.358333587646484, "Puerto Rico": 36.986366271972656}