{"Colorado": 19.366666793823242, "Oregon": 20.956165313720703, "California": 21.071014404296875, "Washington": 21.251388549804688, "Utah": 21.285938262939453, "District of Columbia": 21.598215103149414, "Alaska": 21.801563262939453, "Vermont": 21.813236236572266, "Hawaii": 21.836923599243164, "Montana": 22.33287811279297, "New Hampshire": 22.409332275390625, "Minnesota": 22.737878799438477, "Wisconsin": 22.91351318359375, "Idaho": 22.980953216552734, "South Dakota": 23.455842971801758, "Maine": 23.935714721679688, "New Mexico": 24.122726440429688, "Virginia": 24.39206314086914, "Illinois": 24.53285789489746, "Connecticut": 24.64324378967285, "Massachusetts": 24.813512802124023, "Nebraska": 24.844303131103516, "Maryland": 25.07164192199707, "Wyoming": 25.096721649169922, "Arizona": 25.14090919494629, "Michigan": 25.141773223876953, "Pennsylvania": 25.14328384399414, "North Carolina": 25.249204635620117, "Nevada": 25.481035232543945, "Kansas": 25.94499969482422, "Florida": 25.99726104736328, "Iowa": 26.221054077148438, "Rhode Island": 26.24310302734375, "Virgin Islands": 26.2549991607666, "National": 26.266250610351562, "New York": 26.799999237060547, "Georgia": 27.155000686645508, "South Carolina": 27.1907901763916, "North Dakota": 27.801612854003906, "Texas": 27.891803741455078, "Guam": 28.134885787963867, "Delaware": 28.183076858520508, "Indiana": 28.235713958740234, "West Virginia": 28.399999618530273, "Tennessee": 28.412281036376953, "Oklahoma": 28.72083282470703, "Ohio": 28.78611183166504, "Missouri": 29.029850006103516, "New Jersey": 29.381427764892578, "Louisiana": 29.54459571838379, "Alabama": 29.892498016357422, "Mississippi": 30.12957763671875, "Arkansas": 30.601694107055664, "Kentucky": 31.028169631958008, "Puerto Rico": 40.627498626708984}