{
  "Michigan": {
    "('Age (years)', '18 - 24')": 15.324999809265137,
    "('Age (years)', '25 - 34')": 20.366666793823242,
    "('Age (years)', '35 - 44')": 22.400001525878906,
    "('Age (years)', '45 - 54')": 26.274999618530273,
    "('Age (years)', '55 - 64')": 27.100000381469727,
    "('Age (years)', '65 or older')": 28.75,
    "('Education', 'College graduate')": 11.300000190734863,
    "('Education', 'High school graduate')": 32.599998474121094,
    "('Education', 'Less than high school')": 39.20000076293945,
    "('Education', 'Some college or technical school')": 21.566665649414062,
    "('Gender', 'Female')": 26.03333282470703,
    "('Gender', 'Male')": 22.5,
    "('Income', '$15,000 - $24,999')": 33.5,
    "('Income', '$25,000 - $34,999')": 29.150001525878906,
    "('Income', '$35,000 - $49,999')": 26.649999618530273,
    "('Income', '$50,000 - $74,999')": 17.866666793823242,
    "('Income', '$75,000 or greater')": 13.866665840148926,
    "('Income', 'Data not reported')": 25.433334350585938,
    "('Income', 'Less than $15,000')": 38.375,
    "('Race/Ethnicity', '2 or more races')": 23.73333168029785,
    "('Race/Ethnicity', 'American Indian/Alaska Native')": 25.600000381469727,
    "('Race/Ethnicity', 'Asian')": 22.200000762939453,
    "('Race/Ethnicity', 'Hawaiian/Pacific Islander')": 25.600000381469727,
    "('Race/Ethnicity', 'Hispanic')": 28.64285659790039,
    "('Race/Ethnicity', 'Non-Hispanic Black')": 31.375,
    "('Race/Ethnicity', 'Non-Hispanic White')": 22.899999618530273,
    "('Race/Ethnicity', 'Other')": 24.219999313354492,
    "('Total', 'Total')": 24.899999618530273
  }
}