{
  "Colorado": 19.366666793823242,
  "Oregon": 20.956165313720703,
  "California": 21.071014404296875,
  "Washington": 21.251388549804688,
  "Utah": 21.285938262939453
}