{
  "Maryland": {
    "('Age (years)', '18 - 24')": 26.899999618530273,
    "('Age (years)', '45 - 54')": 29.399999618530273,
    "('Age (years)', '55 - 64')": 34.44999694824219,
    "('Education', 'College graduate')": 32.20000076293945,
    "('Education', 'High school graduate')": 28.5,
    "('Education', 'Some college or technical school')": 32.099998474121094,
    "('Gender', 'Female')": 29.399999618530273,
    "('Gender', 'Male')": 30.400001525878906,
    "('Income', '$15,000 - $24,999')": 19.5,
    "('Income', '$35,000 - $49,999')": 32.099998474121094,
    "('Income', '$75,000 or greater')": 32.349998474121094,
    "('Income', 'Data not reported')": 29.899999618530273,
    "('Race/Ethnicity', '2 or more races')": 30.599998474121094,
    "('Race/Ethnicity', 'American Indian/Alaska Native')": 41.20000076293945,
    "('Race/Ethnicity', 'Hawaiian/Pacific Islander')": 31.100000381469727,
    "('Race/Ethnicity', 'Hispanic')": 23.900001525878906,
    "('Race/Ethnicity', 'Non-Hispanic Black')": 31.0,
    "('Race/Ethnicity', 'Non-Hispanic White')": 32.70000076293945,
    "('Race/Ethnicity', 'Other')": 38.400001525878906
  }
}