{
  "Ohio": -0.05912706729168704,
  "Washington": 1.169214988982727,
  "Massachusetts": 3.7522475970149536,
  "New Mexico": -3.1301357495426636,
  "Indiana": -2.5136520611881714,
  "Kansas": 0.9627216112971801,
  "Wisconsin": -1.780135368072937,
  "New Hampshire": 4.466690803802063,
  "Rhode Island": -0.9877540814518433,
  "Maryland": 0.25263860348468015,
  "Nebraska": 0.07514455441241452,
  "West Virginia": 1.3522460711360473,
  "Tennessee": 0.9805801165462036,
  "Vermont": 5.360125328338196,
  "Arizona": -1.3055317151188355,
  "Connecticut": -1.4174988019108277,
  "Pennsylvania": -0.06108782168621829,
  "National": 1.005579735076477,
  "North Dakota": -1.135329459869812,
  "Michigan": 1.9555804980159301,
  "Illinois": -0.7644207226871949,
  "Oklahoma": -0.1402523266911011,
  "Idaho": 1.6789138567805786,
  "Iowa": -1.5444195019840699,
  "Arkansas": -1.1174957501530152,
  "Missouri": 0.9805801165462036,
  "Utah": -0.47134325381512454,
  "Maine": 6.546755577361633,
  "Puerto Rico": -18.484420036041687,
  "Louisiana": -3.100671027862976,
  "Georgia": 3.7408740771174926,
  "Wyoming": 1.7825019610286255,
  "Guam": -5.351565574371765,
  "South Carolina": 1.5055778277278442,
  "Alaska": 0.19891240719561765,
  "Virginia": 0.358912254607727,
  "California": 0.7778022539973755,
  "South Dakota": 3.416691566741516,
  "Oregon": 2.9389121783137817,
  "District of Columbia": 2.9748103869319458,
  "New York": 1.180578972137024,
  "Montana": 2.9881885302424926,
  "North Carolina": 1.5666892779231567,
  "Delaware": -0.7238323437809449,
  "Mississippi": -1.577752326691101,
  "Florida": 2.805578972137024,
  "Hawaii": -0.5444214093327027,
  "Kentucky": 1.055578972137024,
  "Minnesota": -0.13441965457196048,
  "Alabama": -0.5444214093327027,
  "Virgin Islands": -5.858704780304382,
  "Colorado": 0.6978862536311645,
  "New Jersey": 0.3510329974055786,
  "Texas": 0.03414991024737546,
  "Nevada": -2.6944191205143433
}