{
  "Michigan": {
    "('Age (years)', '18 - 24')": 54.400001525878906,
    "('Age (years)', '25 - 34')": 51.29999923706055,
    "('Age (years)', '35 - 44')": 50.599998474121094,
    "('Age (years)', '45 - 54')": 50.29999923706055,
    "('Age (years)', '65 or older')": 54.5,
    "('Education', 'College graduate')": 59.349998474121094,
    "('Education', 'Less than high school')": 40.79999923706055,
    "('Education', 'Some college or technical school')": 51.0,
    "('Gender', 'Female')": 51.29999923706055,
    "('Gender', 'Male')": 53.80000305175781,
    "('Income', '$25,000 - $34,999')": 48.29999923706055,
    "('Income', '$35,000 - $49,999')": 49.599998474121094,
    "('Income', '$50,000 - $74,999')": 49.099998474121094,
    "('Income', '$75,000 or greater')": 57.5,
    "('Race/Ethnicity', '2 or more races')": 54.79999923706055,
    "('Race/Ethnicity', 'American Indian/Alaska Native')": 49.20000076293945,
    "('Race/Ethnicity', 'Asian')": 47.599998474121094,
    "('Race/Ethnicity', 'Hawaiian/Pacific Islander')": 49.79999923706055,
    "('Race/Ethnicity', 'Hispanic')": 41.900001525878906,
    "('Race/Ethnicity', 'Non-Hispanic Black')": 41.79999923706055,
    "('Race/Ethnicity', 'Non-Hispanic White')": 54.55000305175781,
    "('Total', 'Total')": 49.5
  }
}