{
  "Maine": 14.858823776245117,
  "Vermont": 16.045454025268555,
  "New Hampshire": 16.938888549804688,
  "Massachusetts": 17.653331756591797,
  "Georgia": 17.664705276489258
}