{
  "Indiana": {
    "('Age (years)', '18 - 24')": 17.150001525878906,
    "('Age (years)', '25 - 34')": 25.83333396911621,
    "('Age (years)', '35 - 44')": 24.66666603088379,
    "('Age (years)', '45 - 54')": 28.53333282470703,
    "('Age (years)', '65 or older')": 35.266666412353516,
    "('Education', 'College graduate')": 13.77500057220459,
    "('Education', 'High school graduate')": 34.79999923706055,
    "('Education', 'Less than high school')": 47.54999923706055,
    "('Education', 'Some college or technical school')": 26.599998474121094,
    "('Gender', 'Male')": 27.75,
    "('Income', '$15,000 - $24,999')": 38.599998474121094,
    "('Income', '$25,000 - $34,999')": 35.39999771118164,
    "('Income', '$50,000 - $74,999')": 21.933334350585938,
    "('Income', '$75,000 or greater')": 19.049999237060547,
    "('Income', 'Data not reported')": 30.399999618530273,
    "('Income', 'Less than $15,000')": 42.5,
    "('Race/Ethnicity', 'American Indian/Alaska Native')": 23.299999237060547,
    "('Race/Ethnicity', 'Hawaiian/Pacific Islander')": 25.600000381469727,
    "('Race/Ethnicity', 'Hispanic')": 33.79999923706055,
    "('Race/Ethnicity', 'Non-Hispanic White')": 27.450000762939453,
    "('Race/Ethnicity', 'Other')": 25.600000381469727,
    "('Total', 'Total')": 28.96666717529297
  }
}