{
  "Ohio": -2.6901940791738497,
  "Washington": 0.8576937229501738,
  "Massachusetts": 4.811121991382791,
  "New Mexico": 0.05305009196872845,
  "Indiana": -3.2420434444082247,
  "Kansas": -2.805191942943381,
  "Wisconsin": -2.332817980541037,
  "New Hampshire": 1.2449408085214628,
  "Rhode Island": 2.98480706523533,
  "Maryland": 0.6364737064706816,
  "Nebraska": -0.11327070881252155,
  "West Virginia": -5.790192553294943,
  "Tennessee": -3.5038270442617403,
  "Vermont": 2.463904431568338,
  "Arizona": 0.3262243778574003,
  "Connecticut": 2.57855706523533,
  "Pennsylvania": 0.3034582645761503,
  "National": 0.30980782817478314,
  "North Dakota": -2.251732775462912,
  "Michigan": -3.364701220287131,
  "Illinois": 0.8804960758554472,
  "Oklahoma": -3.9685258357656465,
  "Idaho": -0.039423891795919985,
  "Iowa": -2.462918230785178,
  "Arkansas": -4.415867754710959,
  "Missouri": -2.6633309810293184,
  "Utah": 3.2824106724130644,
  "Maine": 0.3787718326913847,
  "Puerto Rico": -0.33173079182033405,
  "Louisiana": -5.25639052082424,
  "Georgia": -0.4584474055898653,
  "Wyoming": 1.7538748295175566,
  "Guam": -0.8538293330800997,
  "South Carolina": -3.117058703197287,
  "Alaska": 1.1436529667245878,
  "Virginia": 0.2368345768320097,
  "California": 4.195290616260721,
  "South Dakota": -2.3075265376699434,
  "Oregon": 1.557265332447244,
  "District of Columbia": 5.468377164112283,
  "New York": 3.411299756275369,
  "Montana": 2.622664502369119,
  "North Carolina": -1.1934709041250215,
  "Delaware": -0.12004370380763874,
  "Mississippi": -5.497136065257834,
  "Florida": 3.408707669483377,
  "Hawaii": 3.9750853092538847,
  "Kentucky": -3.2963456599843965,
  "Minnesota": 1.1769705326425566,
  "Alabama": -4.112858721507834,
  "Virgin Islands": -1.7417115657461153,
  "Colorado": 7.938378384815408,
  "New Jersey": 5.558020642505838,
  "Texas": -0.4195031612050997,
  "Nevada": 2.1188974888193144
}