{
  "Puerto Rico": 39.88999938964844,
  "Virgin Islands": 27.264284133911133,
  "Guam": 26.757144927978516,
  "New Mexico": 24.535715103149414,
  "Louisiana": 24.506250381469727
}