{
  "Ohio": 1.29478204491976,
  "Washington": -1.8801561569845369,
  "Massachusetts": -1.3984819626485994,
  "New Mexico": -2.6026827072775056,
  "Indiana": 2.8973172927224944,
  "Kansas": 2.5408223891580413,
  "Wisconsin": -2.1029478287374666,
  "New Hampshire": -1.2300230240499666,
  "Rhode Island": -1.3546301102316072,
  "Maryland": -0.10294782873746655,
  "Nebraska": -0.08601629492398999,
  "West Virginia": 4.47112596276644,
  "Tennessee": 4.46897638085726,
  "Vermont": -1.5997072434103181,
  "Arizona": -2.940994856325357,
  "Connecticut": -0.7915407395040681,
  "Pennsylvania": 0.1583055281961272,
  "National": 0.2866014266336272,
  "North Dakota": 2.347792985471518,
  "Michigan": -0.7573057388937166,
  "Illinois": -1.4763094162618806,
  "Oklahoma": 3.635886552366049,
  "Idaho": -0.964291212526529,
  "Iowa": 2.041497590574057,
  "Arkansas": 2.173425080808432,
  "Missouri": 1.6944593215310881,
  "Utah": -2.1763101792013337,
  "Maine": 0.06328332665804126,
  "Puerto Rico": 10.29536855462435,
  "Louisiana": 3.66160333398226,
  "Georgia": -0.9773584580099275,
  "Wyoming": -3.072464582887857,
  "Guam": -1.9000860428487947,
  "South Carolina": 0.26506555322054126,
  "Alaska": -4.514586088625162,
  "Virginia": -0.6471544480001619,
  "California": -3.434250471559732,
  "South Dakota": 1.0198453688943694,
  "Oregon": -2.345539686647623,
  "District of Columbia": -0.7032324051534822,
  "New York": 0.2689756179178069,
  "Montana": -3.5076624130880525,
  "North Carolina": 0.2659982467019866,
  "Delaware": -0.16826879736539624,
  "Mississippi": 4.698745133909018,
  "Florida": -1.8205400681173494,
  "Hawaii": -3.2060667252218416,
  "Kentucky": 4.372881295713217,
  "Minnesota": -1.0235410904562166,
  "Alabama": 3.4620355391824553,
  "Colorado": -5.072464582887857,
  "New Jersey": -0.4988733505880525,
  "Texas": 1.292920472654135,
  "Nevada": -0.5890871262228181
}