{
  "Montana": 38.18666458129883,
  "Vermont": 37.63461685180664,
  "Colorado": 37.44230651855469,
  "California": 37.29523849487305,
  "Alaska": 37.25
}