{
  "Colorado": 23.071428298950195,
  "New Jersey": 25.451786041259766,
  "District of Columbia": 25.54142951965332,
  "Massachusetts": 26.198684692382812,
  "California": 26.814516067504883
}