{
  "Vermont": 34.39411926269531,
  "Massachusetts": 34.42000198364258,
  "Connecticut": 35.27692413330078,
  "District of Columbia": 35.36190414428711,
  "Rhode Island": 35.41666793823242,
  "Maryland": 35.43333435058594,
  "Maine": 35.435001373291016,
  "New Hampshire": 35.43809509277344,
  "Utah": 36.04999923706055,
  "New Jersey": 36.2066650390625,
  "New York": 36.735713958740234,
  "Florida": 36.75,
  "Minnesota": 37.13333511352539,
  "California": 37.17647171020508,
  "Illinois": 37.412498474121094,
  "Colorado": 37.511112213134766,
  "Wisconsin": 38.007694244384766,
  "Delaware": 38.14374923706055,
  "North Dakota": 38.52499771118164,
  "Pennsylvania": 38.606666564941406,
  "National": 38.766666412353516,
  "Oregon": 38.7684211730957,
  "Iowa": 38.8863639831543,
  "Hawaii": 39.005882263183594,
  "Arizona": 39.294734954833984,
  "Michigan": 39.44117736816406,
  "Virginia": 39.474998474121094,
  "Washington": 39.83333206176758,
  "Montana": 39.939998626708984,
  "Idaho": 39.95454406738281,
  "Georgia": 40.08000183105469,
  "Texas": 40.12307357788086,
  "Kansas": 40.13571548461914,
  "Alaska": 40.20000076293945,
  "South Dakota": 40.38461685180664,
  "North Carolina": 40.58000183105469,
  "Virgin Islands": 40.69999694824219,
  "Nebraska": 41.03333282470703,
  "New Mexico": 41.05555725097656,
  "Ohio": 41.087501525878906,
  "Wyoming": 41.93529510498047,
  "Tennessee": 41.94999694824219,
  "Missouri": 42.094444274902344,
  "Indiana": 42.68888854980469,
  "South Carolina": 42.70000076293945,
  "Kentucky": 43.0,
  "Guam": 43.35625076293945,
  "Nevada": 43.43571090698242,
  "Arkansas": 43.7315788269043,
  "Alabama": 44.07500076293945,
  "West Virginia": 45.17000198364258,
  "Mississippi": 45.31666564941406,
  "Oklahoma": 45.45454406738281,
  "Louisiana": 46.16875076293945,
  "Puerto Rico": 49.41666793823242
}