{
  "Ohio": -0.954959153803987,
  "Washington": -2.3454773422805495,
  "Massachusetts": 0.5792987349899583,
  "New Mexico": -4.007960557612581,
  "Indiana": 0.16852641138155988,
  "Kansas": 1.9794166091354661,
  "Wisconsin": -0.7184193131057448,
  "New Hampshire": -1.135958909663362,
  "Rhode Island": 0.03485560449679426,
  "Maryland": -0.20117115941922137,
  "Nebraska": -0.05033040014187762,
  "West Virginia": 6.878660917607146,
  "Tennessee": 2.9920394423874193,
  "Vermont": 0.23670840295870832,
  "Arizona": -3.4058830734817214,
  "Connecticut": -0.13329434362332293,
  "Pennsylvania": -0.3453438278762526,
  "National": 0.9015223983200364,
  "North Dakota": 0.9079196456344896,
  "Michigan": -1.5479614731399245,
  "Illinois": -1.954959153803987,
  "Oklahoma": 4.989271879521208,
  "Idaho": -1.083407640132112,
  "Iowa": 2.0406310561569505,
  "Arkansas": 4.593117475834685,
  "Missouri": 2.8100421431930833,
  "Utah": -4.108531236323518,
  "Maine": 0.10893130334933332,
  "Puerto Rico": 16.141469717350798,
  "Louisiana": 3.5139796737106614,
  "Georgia": -1.3509285446731276,
  "Wyoming": -0.3993122574416823,
  "Guam": -7.373294114741487,
  "South Carolina": -0.191958665522737,
  "Alaska": -2.0718491074172682,
  "Virginia": -0.8190891739455886,
  "California": -3.850791215571565,
  "South Dakota": -0.15424466100613543,
  "Oregon": -0.32495999303738543,
  "District of Columbia": -4.214576005610628,
  "New York": -1.9323418137160964,
  "Montana": -0.5412495133010573,
  "North Carolina": -0.025120973261994806,
  "Delaware": -1.3495247360793776,
  "Mississippi": 3.4414680007370286,
  "Florida": -0.8286068436233229,
  "Hawaii": -2.3843071457473464,
  "Kentucky": 1.9385592940719896,
  "Minnesota": -2.5561478134719557,
  "Alabama": 4.298611402836638,
  "Virgin Islands": 0.02004122766573957,
  "Colorado": -6.034125566157503,
  "New Jersey": 1.8512904647262864,
  "Texas": 1.1117064956100755,
  "Nevada": -1.3728172775832839
}