{
  "Puerto Rico": 37.31999969482422,
  "Mississippi": 42.52333068847656,
  "Tennessee": 42.825927734375,
  "Alabama": 43.40357208251953,
  "Oklahoma": 43.75517272949219,
  "Indiana": 44.37692642211914,
  "Louisiana": 44.63030242919922,
  "Guam": 44.98666763305664,
  "North Dakota": 45.515384674072266,
  "Arkansas": 45.542423248291016,
  "Georgia": 46.099998474121094,
  "Rhode Island": 46.25161361694336,
  "Texas": 46.262962341308594,
  "Kentucky": 46.57600021362305,
  "New York": 47.045833587646484,
  "Kansas": 47.119354248046875,
  "Iowa": 47.721736907958984,
  "Maryland": 47.82307815551758,
  "North Carolina": 47.94062423706055,
  "South Carolina": 47.976470947265625,
  "Pennsylvania": 48.16222381591797,
  "Ohio": 48.2739143371582,
  "South Dakota": 48.526920318603516,
  "National": 48.532142639160156,
  "West Virginia": 48.69599914550781,
  "New Jersey": 48.89500045776367,
  "Missouri": 48.92380905151367,
  "Virginia": 48.93666458129883,
  "Nebraska": 49.20000076293945,
  "Wyoming": 49.5,
  "Illinois": 49.74399948120117,
  "Delaware": 49.748146057128906,
  "Virgin Islands": 49.79999923706055,
  "Connecticut": 49.978572845458984,
  "Michigan": 50.53437423706055,
  "Nevada": 50.81153869628906,
  "District of Columbia": 50.87692642211914,
  "Massachusetts": 50.996971130371094,
  "Minnesota": 51.14722442626953,
  "Florida": 51.437931060791016,
  "Arizona": 51.60555648803711,
  "Maine": 52.4466667175293,
  "New Hampshire": 52.581478118896484,
  "Utah": 52.6393928527832,
  "Montana": 55.009090423583984,
  "Washington": 55.01290512084961,
  "Wisconsin": 55.104549407958984,
  "Alaska": 55.29697036743164,
  "New Mexico": 55.78147888183594,
  "California": 55.820587158203125,
  "Hawaii": 56.76000213623047,
  "Colorado": 56.77428436279297,
  "Oregon": 57.19999694824219,
  "Vermont": 57.48064422607422,
  "Idaho": 57.753334045410156
}