{
  "Colorado": 25.27692413330078,
  "Alaska": 24.719045639038086,
  "Montana": 23.712121963500977,
  "California": 23.638710021972656,
  "Hawaii": 23.410526275634766
}