{
  "Ohio": -3.1460014402455307,
  "Washington": 4.388721841614821,
  "Massachusetts": 0.8265975892954849,
  "New Mexico": 1.5173839509898208,
  "Indiana": -2.595603567320726,
  "Kansas": -0.30488930340471043,
  "Wisconsin": 2.7265972078257583,
  "New Hampshire": 3.2307781160288833,
  "Rhode Island": -0.6029926359242417,
  "Maryland": 0.568468469422438,
  "Nebraska": 0.7958072603159927,
  "West Virginia": -2.759889227110765,
  "Tennessee": -2.772170644957445,
  "Vermont": 3.8268741548472427,
  "Arizona": 0.49920119647321926,
  "Connecticut": 0.9968666017466568,
  "Pennsylvania": 0.4968265474253677,
  "National": -0.6261402189320542,
  "North Dakota": -2.161502462584398,
  "Michigan": 0.4983371675425552,
  "Illinois": 1.1072524965220474,
  "Oklahoma": -3.080722433287523,
  "Idaho": 2.659157174866774,
  "Iowa": -0.5809436857289292,
  "Arkansas": -4.961583715636156,
  "Missouri": -3.3897396146840073,
  "Utah": 4.354172128480055,
  "Maine": 1.7043956697398208,
  "Puerto Rico": -14.987388235289476,
  "Louisiana": -3.9044853269642807,
  "Georgia": -1.5148902952259995,
  "Wyoming": 0.5433887422495864,
  "Guam": -2.494775396544359,
  "South Carolina": -1.5506797849720932,
  "Alaska": 3.838547128480055,
  "Virginia": 1.2480472505503677,
  "California": 4.569095987122633,
  "South Dakota": 2.1842674196177505,
  "Oregon": 4.683945077698805,
  "District of Columbia": 4.041895288270094,
  "New York": -1.1598888456410386,
  "Montana": 3.3072322786265396,
  "North Carolina": 0.39090575579939113,
  "Delaware": -2.5429664671009995,
  "Mississippi": -4.489467245299242,
  "Florida": -0.35715065594377293,
  "Hawaii": 3.8031867921763443,
  "Kentucky": -5.3880592405384995,
  "Minnesota": 2.9022315919810318,
  "Alabama": -4.252387624937914,
  "Virgin Islands": -0.6148887693470932,
  "Colorado": 6.273443597596266,
  "New Jersey": -3.74131737347307,
  "Texas": -2.25169335003557,
  "Nevada": 0.159075158875563
}