{
  "Colorado": 23.071428298950195,
  "New Jersey": 25.451786041259766,
  "District of Columbia": 25.54142951965332,
  "Massachusetts": 26.198684692382812,
  "California": 26.814516067504883,
  "Hawaii": 27.03472137451172,
  "New York": 27.598506927490234,
  "Florida": 27.601099014282227,
  "Utah": 27.72739601135254,
  "Rhode Island": 28.024999618530273,
  "Montana": 28.387142181396484,
  "Connecticut": 28.431249618530273,
  "Vermont": 28.545902252197266,
  "Nevada": 28.89090919494629,
  "Wyoming": 29.255931854248047,
  "Oregon": 29.45254135131836,
  "New Hampshire": 29.76486587524414,
  "Minnesota": 29.832836151123047,
  "Alaska": 29.866153717041016,
  "Illinois": 30.129310607910156,
  "Washington": 30.15211296081543,
  "Maryland": 30.373332977294922,
  "Maine": 30.63103485107422,
  "Arizona": 30.683582305908203,
  "National": 30.69999885559082,
  "Pennsylvania": 30.706348419189453,
  "Virginia": 30.772972106933594,
  "New Mexico": 30.956756591796875,
  "Idaho": 31.049230575561523,
  "Nebraska": 31.123077392578125,
  "Delaware": 31.129850387573242,
  "Puerto Rico": 31.341537475585938,
  "Texas": 31.429309844970703,
  "Georgia": 31.46825408935547,
  "Guam": 31.863636016845703,
  "North Carolina": 32.203277587890625,
  "Virgin Islands": 32.75151824951172,
  "North Dakota": 33.261539459228516,
  "South Dakota": 33.31733322143555,
  "Wisconsin": 33.34262466430664,
  "Iowa": 33.47272491455078,
  "Missouri": 33.67313766479492,
  "Ohio": 33.70000076293945,
  "Kansas": 33.814998626708984,
  "South Carolina": 34.12686538696289,
  "Indiana": 34.25185012817383,
  "Kentucky": 34.30615234375,
  "Michigan": 34.374507904052734,
  "Tennessee": 34.513633728027344,
  "Oklahoma": 34.97833251953125,
  "Alabama": 35.12266540527344,
  "Arkansas": 35.42567443847656,
  "Louisiana": 36.266197204589844,
  "Mississippi": 36.50694274902344,
  "West Virginia": 36.79999923706055
}