{
  "Puerto Rico": 14.778571128845215,
  "West Virginia": 24.041379928588867,
  "Oklahoma": 25.930768966674805,
  "Arkansas": 26.326923370361328,
  "Alabama": 26.621429443359375
}