{
  "Idaho": 57.753334045410156,
  "Vermont": 57.48064422607422,
  "Oregon": 57.19999694824219,
  "Colorado": 56.77428436279297,
  "Hawaii": 56.76000213623047
}