{
  "Vermont": 34.39411926269531,
  "Massachusetts": 34.42000198364258,
  "Connecticut": 35.27692413330078,
  "District of Columbia": 35.36190414428711,
  "Rhode Island": 35.41666793823242
}