{
  "Ohio": 1.5350036158327214,
  "Washington": -5.203987167858685,
  "Massachusetts": -1.1880531773801692,
  "New Mexico": -5.972560928845013,
  "Indiana": 5.431991530871784,
  "Kansas": 2.6895637049440495,
  "Wisconsin": -5.29563145496806,
  "New Hampshire": -2.77256016590556,
  "Rhode Island": 3.557304336047565,
  "Maryland": 1.9858397974733464,
  "Nebraska": 0.6089171900514714,
  "West Virginia": 1.112918807483112,
  "Tennessee": 6.9829902186159245,
  "Vermont": -7.671726273083294,
  "Arizona": -1.7966385350461849,
  "Connecticut": -0.16965489246805987,
  "Pennsylvania": 1.6466941370729558,
  "National": 1.2767753138307683,
  "North Dakota": 4.293533278918659,
  "Michigan": -0.7254562840696224,
  "Illinois": 0.06491847178975263,
  "Oklahoma": 6.053745223498737,
  "Idaho": -7.944416092419232,
  "Iowa": 2.08718104503194,
  "Arkansas": 4.266494704699909,
  "Missouri": 0.8851089014772526,
  "Utah": -2.8304748997922786,
  "Maine": -2.6377487645383724,
  "Puerto Rico": 12.488918258166706,
  "Louisiana": 5.178615523791706,
  "Georgia": 3.7089194788698308,
  "Wyoming": 0.3089179529909245,
  "Guam": 4.822250319934284,
  "South Carolina": 1.8324470057252995,
  "Alaska": -5.488052414440716,
  "Virginia": 0.8722533716920964,
  "California": -6.0116692052122005,
  "South Dakota": 1.2819976343874089,
  "Oregon": -7.391078995251263,
  "District of Columbia": -1.0680084691282161,
  "New York": 2.76308436534444,
  "Montana": -5.20017247059306,
  "North Carolina": 1.8682937159303776,
  "Delaware": 0.060771895862018255,
  "Mississippi": 7.285587264514362,
  "Florida": -1.6290131078000911,
  "Hawaii": -6.951084183239544,
  "Kentucky": 3.2329177393678776,
  "Minnesota": -1.3383064732786067,
  "Alabama": 6.405345870471393,
  "Virgin Islands": 0.00891871593037763,
  "Colorado": -6.965366409802044,
  "New Jersey": 0.9139174952272526,
  "Texas": 3.5459556116823308,
  "Nevada": -1.002620743298138
}