{
  "Ohio": 1.225227413162031,
  "Washington": 0.5143395042264842,
  "Massachusetts": -0.1375502967989064,
  "New Mexico": -1.380729618087969,
  "Indiana": 0.8957481956327342,
  "Kansas": 0.4265099143827342,
  "Wisconsin": 0.3273392295682811,
  "New Hampshire": -0.3613929176485158,
  "Rhode Island": -0.696025791183672,
  "Maryland": -0.04563516618367203,
  "Nebraska": -1.2086638832246877,
  "West Virginia": 0.6216507530057811,
  "Tennessee": 0.3733025169217967,
  "Vermont": 1.3645783042753123,
  "Arizona": -0.9219245338594533,
  "Connecticut": -1.271526279464922,
  "Pennsylvania": -0.06078714372273453,
  "National": -0.6031760597383595,
  "North Dakota": -0.40890497209187515,
  "Michigan": 0.745410976394453,
  "Illinois": 0.9608879661405467,
  "Oklahoma": 0.424427089675703,
  "Idaho": -0.7081488990938283,
  "Iowa": 0.5182037925565623,
  "Arkansas": 1.4876022910917186,
  "Missouri": 1.7200737571561717,
  "Utah": 0.2876816367948436,
  "Maine": 0.16662984846476547,
  "Puerto Rico": -2.5036048317110158,
  "Louisiana": 1.3034515952909373,
  "Georgia": 0.1814957237089061,
  "Wyoming": -1.0341376686250783,
  "Guam": -0.002693119064531402,
  "South Carolina": 1.2236672019803905,
  "Alaska": -1.4200171852266408,
  "Virginia": 0.023937282546796723,
  "California": -1.2418288612520314,
  "South Dakota": -0.7128905677950002,
  "Oregon": 0.3405724143827342,
  "District of Columbia": 3.7358856773221873,
  "New York": -0.377239170089922,
  "Montana": -1.6954993629610158,
  "North Carolina": 0.10512929914835922,
  "Delaware": -0.19108575822468765,
  "Mississippi": 0.1671372032010936,
  "Florida": 0.20943075178507797,
  "Hawaii": 0.47807317732218735,
  "Kentucky": 1.4111176109159373,
  "Minnesota": -1.062999668136797,
  "Alabama": 0.3275871848905467,
  "Virgin Islands": 1.1858864402616405,
  "Colorado": -0.3026046180879689,
  "New Jersey": -1.5978354835664845,
  "Texas": 0.10583883283976547,
  "Nevada": -1.875572147384844
}