{
  "Puerto Rico": 37.31999969482422,
  "Mississippi": 42.52333068847656,
  "Tennessee": 42.825927734375,
  "Alabama": 43.40357208251953,
  "Oklahoma": 43.75517272949219
}